iter	Logloss
0	0.6913496175
1	0.6895806373
2	0.688159316
3	0.6864392494
4	0.6847730946
5	0.6830634719
6	0.6816809199
7	0.6800698242
8	0.6785409326
9	0.6768183683
